<?xml version="1.0" encoding="UTF-8"?>
<project-private xmlns="http://www.netbeans.org/ns/project-private/1">
    <editor-bookmarks xmlns="http://www.netbeans.org/ns/editor-bookmarks/2" lastBookmarkId="0"/>
    <open-files xmlns="http://www.netbeans.org/ns/projectui-open-files/2">
        <group>
            <file>file:/C:/Users/Lin%20Let%20Shwe%20Ye%20Khin/Downloads/Java_1/Java/JavaGameproject/Java%20final/src/MainFrame.java</file>
            <file>file:/C:/Users/Lin%20Let%20Shwe%20Ye%20Khin/Downloads/Java_1/Java/JavaGameproject/Java%20final/src/FirstPage.java</file>
            <file>file:/C:/Users/Lin%20Let%20Shwe%20Ye%20Khin/Downloads/Java_1/Java/JavaGameproject/Java%20final/src/Congratulation1.java</file>
            <file>file:/C:/Users/Lin%20Let%20Shwe%20Ye%20Khin/Downloads/Java_1/Java/JavaGameproject/Java%20final/src/loading.java</file>
            <file>file:/C:/Users/Lin%20Let%20Shwe%20Ye%20Khin/Downloads/Java_1/Java/JavaGameproject/Java%20final/src/ThreeByThree.java</file>
            <file>file:/C:/Users/Lin%20Let%20Shwe%20Ye%20Khin/Downloads/Java_1/Java/JavaGameproject/Java%20final/src/FourByFourFrame.java</file>
            <file>file:/C:/Users/Lin%20Let%20Shwe%20Ye%20Khin/Downloads/Java_1/Java/JavaGameproject/Java%20final/src/Congratulation.java</file>
            <file>file:/C:/Users/Lin%20Let%20Shwe%20Ye%20Khin/Downloads/Java_1/Java/JavaGameproject/Java%20final/src/tbtLeaderboard.java</file>
            <file>file:/C:/Users/Lin%20Let%20Shwe%20Ye%20Khin/Downloads/Java_1/Java/JavaGameproject/Java%20final/src/matchLeaderboard.java</file>
            <file>file:/C:/Users/Lin%20Let%20Shwe%20Ye%20Khin/Downloads/Java_1/Java/JavaGameproject/Java%20final/src/fbfLeader.java</file>
            <file>file:/C:/Users/Lin%20Let%20Shwe%20Ye%20Khin/Downloads/Java_1/Java/JavaGameproject/Java%20final/src/load.java</file>
            <file>file:/C:/Users/Lin%20Let%20Shwe%20Ye%20Khin/Downloads/Java_1/Java/JavaGameproject/Java%20final/src/leaderboard.java</file>
        </group>
    </open-files>
</project-private>
